{"Mean":{"confidence_interval":{"confidence_level":0.95,"lower_bound":-0.010983094068419836,"upper_bound":-0.0017703897693187977},"point_estimate":-0.005855543920651685,"standard_error":0.0023529047139261234},"Median":{"confidence_interval":{"confidence_level":0.95,"lower_bound":-0.006506779518057115,"upper_bound":-0.00024151378970871384},"point_estimate":-0.0026963785086124847,"standard_error":0.0016340634898098342}}