{"Mean":{"confidence_interval":{"confidence_level":0.95,"lower_bound":59306.53461008937,"upper_bound":59599.183988803474},"point_estimate":59439.078684395376,"standard_error":74.83238881647888},"Median":{"confidence_interval":{"confidence_level":0.95,"lower_bound":59204.99579831933,"upper_bound":59506.49417327907},"point_estimate":59397.54090526512,"standard_error":77.74341164866316},"MedianAbsDev":{"confidence_interval":{"confidence_level":0.95,"lower_bound":435.393999761216,"upper_bound":787.126298689591},"point_estimate":596.4837781268726,"standard_error":85.83316222486313},"Slope":{"confidence_interval":{"confidence_level":0.95,"lower_bound":59096.173988164126,"upper_bound":59449.14886047725},"point_estimate":59249.368682446824,"standard_error":90.38007184326858},"StdDev":{"confidence_interval":{"confidence_level":0.95,"lower_bound":459.2047958806189,"upper_bound":1098.2569682813091},"point_estimate":754.0446428173694,"standard_error":198.64938806579946}}