{"Mean":{"confidence_interval":{"confidence_level":0.95,"lower_bound":7405.908129684332,"upper_bound":7499.230175615671},"point_estimate":7450.107832468792,"standard_error":23.862322351289105},"Median":{"confidence_interval":{"confidence_level":0.95,"lower_bound":7389.391748003549,"upper_bound":7452.511394664987},"point_estimate":7417.295868347339,"standard_error":15.357507862960889},"MedianAbsDev":{"confidence_interval":{"confidence_level":0.95,"lower_bound":105.40674353018566,"upper_bound":186.83220901508074},"point_estimate":141.92491442832528,"standard_error":20.348663151802672},"Slope":{"confidence_interval":{"confidence_level":0.95,"lower_bound":7390.990071769872,"upper_bound":7578.843617099408},"point_estimate":7478.7247259612395,"standard_error":48.33970592362397},"StdDev":{"confidence_interval":{"confidence_level":0.95,"lower_bound":164.48662111522773,"upper_bound":301.07214415922067},"point_estimate":239.35996123335462,"standard_error":34.8865249977137}}