{"Mean":{"confidence_interval":{"confidence_level":0.95,"lower_bound":3887.3106405128974,"upper_bound":3914.3267309990697},"point_estimate":3900.0262469605277,"standard_error":6.9340885156338095},"Median":{"confidence_interval":{"confidence_level":0.95,"lower_bound":3874.224076743928,"upper_bound":3890.9653184377594},"point_estimate":3882.838978060435,"standard_error":4.329740881326434},"MedianAbsDev":{"confidence_interval":{"confidence_level":0.95,"lower_bound":27.955908325545106,"upper_bound":50.468780064024216},"point_estimate":39.11300464935425,"standard_error":5.895312598182652},"Slope":{"confidence_interval":{"confidence_level":0.95,"lower_bound":3888.7809528167163,"upper_bound":3915.655977487485},"point_estimate":3901.6765798240417,"standard_error":6.85161540661343},"StdDev":{"confidence_interval":{"confidence_level":0.95,"lower_bound":47.25188104996764,"upper_bound":88.8366672839657},"point_estimate":69.238902743368,"standard_error":10.628835126421444}}