{"Mean":{"confidence_interval":{"confidence_level":0.95,"lower_bound":-0.0653986275428211,"upper_bound":-0.04937913844520492},"point_estimate":-0.05783535547895313,"standard_error":0.004072714933717527},"Median":{"confidence_interval":{"confidence_level":0.95,"lower_bound":-0.06328134172435297,"upper_bound":-0.05832570704726203},"point_estimate":-0.060558899114731335,"standard_error":0.0011577498603526032}}