{"Mean":{"confidence_interval":{"confidence_level":0.95,"lower_bound":-0.021318731144726953,"upper_bound":-0.01590747291794018},"point_estimate":-0.01859324875043966,"standard_error":0.0013776511863391205},"Median":{"confidence_interval":{"confidence_level":0.95,"lower_bound":-0.019874551698236598,"upper_bound":-0.01605660956159205},"point_estimate":-0.017820453545051573,"standard_error":0.0009879176059828698}}