{"Mean":{"confidence_interval":{"confidence_level":0.95,"lower_bound":254.19956183541882,"upper_bound":255.3090149699884},"point_estimate":254.68889072043893,"standard_error":0.2844048725856226},"Median":{"confidence_interval":{"confidence_level":0.95,"lower_bound":253.74603422929454,"upper_bound":254.5249912951051},"point_estimate":254.14946983072485,"standard_error":0.21526650595820457},"MedianAbsDev":{"confidence_interval":{"confidence_level":0.95,"lower_bound":0.9844465966512396,"upper_bound":1.8601364845447683},"point_estimate":1.4550569689867878,"standard_error":0.21764437030081016},"Slope":{"confidence_interval":{"confidence_level":0.95,"lower_bound":253.90603803796034,"upper_bound":255.14209419696428},"point_estimate":254.50790879610173,"standard_error":0.31493295814754085},"StdDev":{"confidence_interval":{"confidence_level":0.95,"lower_bound":1.534522629107726,"upper_bound":4.265412842894867},"point_estimate":2.854407102158297,"standard_error":0.8214497544395208}}