{"Mean":{"confidence_interval":{"confidence_level":0.95,"lower_bound":4770.011776345341,"upper_bound":4826.913237618664},"point_estimate":4797.820363343953,"standard_error":14.517332197570036},"Median":{"confidence_interval":{"confidence_level":0.95,"lower_bound":4722.2478762135925,"upper_bound":4804.347087378641},"point_estimate":4756.184262020723,"standard_error":22.55867656121932},"MedianAbsDev":{"confidence_interval":{"confidence_level":0.95,"lower_bound":77.45953890336807,"upper_bound":153.40353417721434},"point_estimate":112.97240845574079,"standard_error":20.235122506720387},"Slope":{"confidence_interval":{"confidence_level":0.95,"lower_bound":4736.13131223148,"upper_bound":4830.35639990772},"point_estimate":4780.849085324125,"standard_error":24.15285262781853},"StdDev":{"confidence_interval":{"confidence_level":0.95,"lower_bound":117.98570661868672,"upper_bound":171.7519838783024},"point_estimate":146.12892618902563,"standard_error":13.802844718374594}}