{"Mean":{"confidence_interval":{"confidence_level":0.95,"lower_bound":5582.647214691731,"upper_bound":5612.704666400742},"point_estimate":5597.465900737949,"standard_error":7.646765304787889},"Median":{"confidence_interval":{"confidence_level":0.95,"lower_bound":5557.039325842697,"upper_bound":5593.824930150814},"point_estimate":5570.602251175393,"standard_error":11.247854834704786},"MedianAbsDev":{"confidence_interval":{"confidence_level":0.95,"lower_bound":42.968713800502684,"upper_bound":90.30911288453761},"point_estimate":58.640841023794714,"standard_error":13.523166288857748},"Slope":{"confidence_interval":{"confidence_level":0.95,"lower_bound":5585.590206729355,"upper_bound":5632.58520758398},"point_estimate":5608.229731628873,"standard_error":12.03149195022084},"StdDev":{"confidence_interval":{"confidence_level":0.95,"lower_bound":65.7981331049214,"upper_bound":86.93992902360488},"point_estimate":76.95441039397063,"standard_error":5.40376162516399}}