{"Mean":{"confidence_interval":{"confidence_level":0.95,"lower_bound":5645.054479781536,"upper_bound":5658.974180211379},"point_estimate":5651.939155049625,"standard_error":3.5463474016866026},"Median":{"confidence_interval":{"confidence_level":0.95,"lower_bound":5635.152795718237,"upper_bound":5659.476302521009},"point_estimate":5643.859856013552,"standard_error":7.447544659341531},"MedianAbsDev":{"confidence_interval":{"confidence_level":0.95,"lower_bound":26.27813926175294,"upper_bound":42.403242294723896},"point_estimate":33.04717251418494,"standard_error":4.207300023928995},"Slope":{"confidence_interval":{"confidence_level":0.95,"lower_bound":5641.007169840044,"upper_bound":5652.726839041467},"point_estimate":5646.759443450358,"standard_error":2.9896156913170033},"StdDev":{"confidence_interval":{"confidence_level":0.95,"lower_bound":30.14512993997354,"upper_bound":40.37348440581318},"point_estimate":35.5501243081775,"standard_error":2.6176467317107837}}