{"Mean":{"confidence_interval":{"confidence_level":0.95,"lower_bound":0.025240431990725842,"upper_bound":0.041361046356890675},"point_estimate":0.03333050921888159,"standard_error":0.004128687806513609},"Median":{"confidence_interval":{"confidence_level":0.95,"lower_bound":0.022409586429759543,"upper_bound":0.041626855479506494},"point_estimate":0.030734718233065728,"standard_error":0.005361054147616995}}