{"Mean":{"confidence_interval":{"confidence_level":0.95,"lower_bound":-0.049812547880548536,"upper_bound":-0.03658501840145461},"point_estimate":-0.04394588451504733,"standard_error":0.0034998508183260173},"Median":{"confidence_interval":{"confidence_level":0.95,"lower_bound":-0.049792873116433656,"upper_bound":-0.04672038653254909},"point_estimate":-0.048144336390848474,"standard_error":0.0008114891024907938}}