{"Mean":{"confidence_interval":{"confidence_level":0.95,"lower_bound":-0.10282777041166544,"upper_bound":-0.08940747162186255},"point_estimate":-0.09585942926275481,"standard_error":0.003417955792380514},"Median":{"confidence_interval":{"confidence_level":0.95,"lower_bound":-0.10407794542423343,"upper_bound":-0.09045354890905644},"point_estimate":-0.0971013874267379,"standard_error":0.0034216157618799778}}