{"Mean":{"confidence_interval":{"confidence_level":0.95,"lower_bound":256.2511287272568,"upper_bound":256.9038883309672},"point_estimate":256.57679380727814,"standard_error":0.16754999441084079},"Median":{"confidence_interval":{"confidence_level":0.95,"lower_bound":256.06973840938247,"upper_bound":256.6351162520847},"point_estimate":256.3136232586845,"standard_error":0.14343744896208635},"MedianAbsDev":{"confidence_interval":{"confidence_level":0.95,"lower_bound":0.8515315355919488,"upper_bound":1.4405272871729757},"point_estimate":1.0658036379836051,"standard_error":0.14948926406394925},"Slope":{"confidence_interval":{"confidence_level":0.95,"lower_bound":255.91821275959,"upper_bound":256.61807602387756},"point_estimate":256.2463987471421,"standard_error":0.17835331821589478},"StdDev":{"confidence_interval":{"confidence_level":0.95,"lower_bound":1.3138711592448507,"upper_bound":2.022782150878562},"point_estimate":1.681548724301302,"standard_error":0.18096739484032337}}