{"Mean":{"confidence_interval":{"confidence_level":0.95,"lower_bound":40193.94060463865,"upper_bound":40457.90601185882},"point_estimate":40319.737921661224,"standard_error":67.48339647161792},"Median":{"confidence_interval":{"confidence_level":0.95,"lower_bound":40052.62693877551,"upper_bound":40244.83682539682},"point_estimate":40158.58565656566,"standard_error":49.506909557317066},"MedianAbsDev":{"confidence_interval":{"confidence_level":0.95,"lower_bound":263.5193518548873,"upper_bound":535.5102214427926},"point_estimate":382.46158451336385,"standard_error":67.96740882988475},"Slope":{"confidence_interval":{"confidence_level":0.95,"lower_bound":40240.35201595621,"upper_bound":40536.16783348064},"point_estimate":40380.21014878085,"standard_error":75.3371572100191},"StdDev":{"confidence_interval":{"confidence_level":0.95,"lower_bound":487.7640275535339,"upper_bound":849.2796763401772},"point_estimate":679.9690986293201,"standard_error":92.74780565502648}}