{"Mean":{"confidence_interval":{"confidence_level":0.95,"lower_bound":27596.581512979654,"upper_bound":27773.632974274606},"point_estimate":27675.66224502905,"standard_error":45.58412664273201},"Median":{"confidence_interval":{"confidence_level":0.95,"lower_bound":27514.096402391973,"upper_bound":27557.217861757104},"point_estimate":27536.80012183236,"standard_error":11.75748395446141},"MedianAbsDev":{"confidence_interval":{"confidence_level":0.95,"lower_bound":58.08712811545961,"upper_bound":125.66204757966403},"point_estimate":85.76252600421432,"standard_error":17.399738583284883},"Slope":{"confidence_interval":{"confidence_level":0.95,"lower_bound":27597.99417561105,"upper_bound":27783.428364352585},"point_estimate":27681.97778836839,"standard_error":47.53761709561901},"StdDev":{"confidence_interval":{"confidence_level":0.95,"lower_bound":207.73504467180175,"upper_bound":665.1073937739623},"point_estimate":458.04594124266083,"standard_error":118.86284292117269}}