{"Mean":{"confidence_interval":{"confidence_level":0.95,"lower_bound":7373.826932799428,"upper_bound":7393.157093716183},"point_estimate":7383.526554466609,"standard_error":4.952300553718499},"Median":{"confidence_interval":{"confidence_level":0.95,"lower_bound":7372.610462326028,"upper_bound":7396.571622179387},"point_estimate":7384.615656697575,"standard_error":6.492616838096477},"MedianAbsDev":{"confidence_interval":{"confidence_level":0.95,"lower_bound":34.831891608159694,"upper_bound":57.950143085497174},"point_estimate":48.430939432178654,"standard_error":6.116916370273453},"Slope":{"confidence_interval":{"confidence_level":0.95,"lower_bound":7367.998611461075,"upper_bound":7389.755451299727},"point_estimate":7378.641744289792,"standard_error":5.552011301747295},"StdDev":{"confidence_interval":{"confidence_level":0.95,"lower_bound":42.66818904327188,"upper_bound":56.74213086781569},"point_estimate":49.99016993340986,"standard_error":3.5841381734145856}}