{"Mean":{"confidence_interval":{"confidence_level":0.95,"lower_bound":7254.180086966699,"upper_bound":7287.904423598084},"point_estimate":7270.686562727994,"standard_error":8.579988373594317},"Median":{"confidence_interval":{"confidence_level":0.95,"lower_bound":7238.005251520177,"upper_bound":7284.926790649924},"point_estimate":7265.428094820018,"standard_error":12.118483813022142},"MedianAbsDev":{"confidence_interval":{"confidence_level":0.95,"lower_bound":62.50380837519977,"upper_bound":102.75091028782846},"point_estimate":79.43674544022282,"standard_error":10.763677269257022},"Slope":{"confidence_interval":{"confidence_level":0.95,"lower_bound":7222.387434810712,"upper_bound":7261.2240805141255},"point_estimate":7240.1803008012985,"standard_error":9.902938364724552},"StdDev":{"confidence_interval":{"confidence_level":0.95,"lower_bound":70.92600697010286,"upper_bound":100.81327631651367},"point_estimate":86.14008013755576,"standard_error":7.664262776498892}}