{"Mean":{"confidence_interval":{"confidence_level":0.95,"lower_bound":51335.633276164954,"upper_bound":51510.98333566382},"point_estimate":51419.33123573989,"standard_error":44.60049715769181},"Median":{"confidence_interval":{"confidence_level":0.95,"lower_bound":51319.63585858586,"upper_bound":51447.03236363636},"point_estimate":51368.5857751938,"standard_error":31.839008570140052},"MedianAbsDev":{"confidence_interval":{"confidence_level":0.95,"lower_bound":169.8327915418826,"upper_bound":363.5321293639404},"point_estimate":252.62625464754848,"standard_error":50.60231361975891},"Slope":{"confidence_interval":{"confidence_level":0.95,"lower_bound":51417.442848278355,"upper_bound":51710.02278789204},"point_estimate":51536.9349095611,"standard_error":76.69664604538906},"StdDev":{"confidence_interval":{"confidence_level":0.95,"lower_bound":303.64030202175474,"upper_bound":604.6100521595654},"point_estimate":447.6797035511573,"standard_error":79.72530736605262}}