{"Mean":{"confidence_interval":{"confidence_level":0.95,"lower_bound":56854.71398273408,"upper_bound":57956.64702556172},"point_estimate":57400.59349593734,"standard_error":280.78147464071736},"Median":{"confidence_interval":{"confidence_level":0.95,"lower_bound":56545.29885057471,"upper_bound":58100.34193121693},"point_estimate":57480.259412997904,"standard_error":358.50854646392474},"MedianAbsDev":{"confidence_interval":{"confidence_level":0.95,"lower_bound":2489.395191303004,"upper_bound":3769.073672133429},"point_estimate":3089.48951140683,"standard_error":319.9853829294567},"Slope":{"confidence_interval":{"confidence_level":0.95,"lower_bound":54932.667287712895,"upper_bound":55917.60091614609},"point_estimate":55387.65973104773,"standard_error":251.65944128175758},"StdDev":{"confidence_interval":{"confidence_level":0.95,"lower_bound":2456.489025221814,"upper_bound":3148.9021162181352},"point_estimate":2812.794929545439,"standard_error":176.77360061200713}}