{"Mean":{"confidence_interval":{"confidence_level":0.95,"lower_bound":0.08620912323999855,"upper_bound":0.106543256466171},"point_estimate":0.0957709873438739,"standard_error":0.005338476821751338},"Median":{"confidence_interval":{"confidence_level":0.95,"lower_bound":0.08446507400899209,"upper_bound":0.1123148222432242},"point_estimate":0.1002067035865819,"standard_error":0.0066483698019178215}}