{"Mean":{"confidence_interval":{"confidence_level":0.95,"lower_bound":-0.029816506485416165,"upper_bound":-0.019119982012784403},"point_estimate":-0.024319014671325023,"standard_error":0.002722512652234106},"Median":{"confidence_interval":{"confidence_level":0.95,"lower_bound":-0.019580921972477516,"upper_bound":-0.014337937334398365},"point_estimate":-0.01700861283181021,"standard_error":0.0014862442362400983}}