{"Mean":{"confidence_interval":{"confidence_level":0.95,"lower_bound":52991.66024934752,"upper_bound":53175.312053211506},"point_estimate":53080.37316834322,"standard_error":47.00254456342675},"Median":{"confidence_interval":{"confidence_level":0.95,"lower_bound":52855.85592105263,"upper_bound":52977.1562150056},"point_estimate":52912.28561705989,"standard_error":34.60577162520459},"MedianAbsDev":{"confidence_interval":{"confidence_level":0.95,"lower_bound":213.26474165770523,"upper_bound":405.41550934862323},"point_estimate":303.60873004846337,"standard_error":53.222712301732884},"Slope":{"confidence_interval":{"confidence_level":0.95,"lower_bound":52960.015654490424,"upper_bound":53164.83852034188},"point_estimate":53056.815034727355,"standard_error":52.2213080910756},"StdDev":{"confidence_interval":{"confidence_level":0.95,"lower_bound":386.89373710157395,"upper_bound":540.6945766090349},"point_estimate":471.0758928678206,"standard_error":39.180996595781515}}