{"Mean":{"confidence_interval":{"confidence_level":0.95,"lower_bound":54107.39137691732,"upper_bound":54558.49201223942},"point_estimate":54320.63945940868,"standard_error":114.89609923837189},"Median":{"confidence_interval":{"confidence_level":0.95,"lower_bound":53728.05220883534,"upper_bound":54356.73562896603},"point_estimate":54100.85754617667,"standard_error":154.02280013954282},"MedianAbsDev":{"confidence_interval":{"confidence_level":0.95,"lower_bound":618.776856554412,"upper_bound":1118.588733474414},"point_estimate":948.1299489066294,"standard_error":136.29320772399285},"Slope":{"confidence_interval":{"confidence_level":0.95,"lower_bound":53999.71944390491,"upper_bound":54377.58617320588},"point_estimate":54183.06160878774,"standard_error":96.37265924914702},"StdDev":{"confidence_interval":{"confidence_level":0.95,"lower_bound":856.0729204060998,"upper_bound":1415.2774455871092},"point_estimate":1149.9003897324144,"standard_error":143.11331675873663}}