{"Mean":{"confidence_interval":{"confidence_level":0.95,"lower_bound":53823.74654366076,"upper_bound":54300.1556890611},"point_estimate":54047.405061890924,"standard_error":121.87354359018705},"Median":{"confidence_interval":{"confidence_level":0.95,"lower_bound":53533.721804511275,"upper_bound":53752.34725877193},"point_estimate":53641.1023943662,"standard_error":59.52198388880535},"MedianAbsDev":{"confidence_interval":{"confidence_level":0.95,"lower_bound":389.5152626753602,"upper_bound":742.3494283588492},"point_estimate":531.4296019395822,"standard_error":86.567206934767},"Slope":{"confidence_interval":{"confidence_level":0.95,"lower_bound":53713.30511681823,"upper_bound":54351.48628460757},"point_estimate":54009.61487248489,"standard_error":163.63570103753918},"StdDev":{"confidence_interval":{"confidence_level":0.95,"lower_bound":803.5495830565549,"upper_bound":1620.8811689354307},"point_estimate":1221.2851989521937,"standard_error":211.78983961579578}}