{"Mean":{"confidence_interval":{"confidence_level":0.95,"lower_bound":3873.305512749335,"upper_bound":3924.892766805744},"point_estimate":3896.6685235524324,"standard_error":13.224955329258082},"Median":{"confidence_interval":{"confidence_level":0.95,"lower_bound":3853.027314010461,"upper_bound":3879.0701434277416},"point_estimate":3866.6600105042016,"standard_error":6.664898358800158},"MedianAbsDev":{"confidence_interval":{"confidence_level":0.95,"lower_bound":40.84844400938233,"upper_bound":69.25167303927242},"point_estimate":51.59598686404641,"standard_error":6.931664657991508},"Slope":{"confidence_interval":{"confidence_level":0.95,"lower_bound":3873.240884038292,"upper_bound":3904.694709324735},"point_estimate":3888.2358825441806,"standard_error":8.016345859733285},"StdDev":{"confidence_interval":{"confidence_level":0.95,"lower_bound":74.23350034900851,"upper_bound":187.13375109677338},"point_estimate":132.70980254633312,"standard_error":29.652628550934708}}