{"Mean":{"confidence_interval":{"confidence_level":0.95,"lower_bound":3894.064319925836,"upper_bound":3940.8489044718367},"point_estimate":3916.768301979577,"standard_error":11.996739651493918},"Median":{"confidence_interval":{"confidence_level":0.95,"lower_bound":3873.754140319181,"upper_bound":3909.4856368563687},"point_estimate":3891.131612290149,"standard_error":9.082321225317996},"MedianAbsDev":{"confidence_interval":{"confidence_level":0.95,"lower_bound":55.755716360689185,"upper_bound":112.32762667209151},"point_estimate":79.02523196731015,"standard_error":14.64596690975663},"Slope":{"confidence_interval":{"confidence_level":0.95,"lower_bound":3934.5761809881747,"upper_bound":4004.0058743192653},"point_estimate":3969.1898411828806,"standard_error":17.69804486875189},"StdDev":{"confidence_interval":{"confidence_level":0.95,"lower_bound":95.36624800180387,"upper_bound":143.67844588709522},"point_estimate":120.95374606187632,"standard_error":12.318782160665993}}