{"Mean":{"confidence_interval":{"confidence_level":0.95,"lower_bound":51592.976330236925,"upper_bound":51821.18967326968},"point_estimate":51701.97376767144,"standard_error":58.639106129057254},"Median":{"confidence_interval":{"confidence_level":0.95,"lower_bound":51395.88193687231,"upper_bound":51599.60161290323},"point_estimate":51478.15596743295,"standard_error":55.07084533774439},"MedianAbsDev":{"confidence_interval":{"confidence_level":0.95,"lower_bound":228.11887261563484,"upper_bound":475.516551613039},"point_estimate":367.014373196114,"standard_error":69.99569626205947},"Slope":{"confidence_interval":{"confidence_level":0.95,"lower_bound":51445.62766964207,"upper_bound":51662.47611127208},"point_estimate":51549.15161474804,"standard_error":55.35538934960446},"StdDev":{"confidence_interval":{"confidence_level":0.95,"lower_bound":442.4855978041209,"upper_bound":734.3076455946858},"point_estimate":591.7630809771748,"standard_error":74.93934095789687}}