{"Mean":{"confidence_interval":{"confidence_level":0.95,"lower_bound":0.16382944649263367,"upper_bound":0.19300468294419879},"point_estimate":0.17816004272752783,"standard_error":0.00744640241387465},"Median":{"confidence_interval":{"confidence_level":0.95,"lower_bound":0.15394914680468666,"upper_bound":0.16915676973659563},"point_estimate":0.16022766789602105,"standard_error":0.003695162987510535}}