{"Mean":{"confidence_interval":{"confidence_level":0.95,"lower_bound":-0.004196991532428375,"upper_bound":0.010074963995496204},"point_estimate":0.0025867497268636797,"standard_error":0.0036656000157827486},"Median":{"confidence_interval":{"confidence_level":0.95,"lower_bound":-0.006053666434914007,"upper_bound":0.004614332241620112},"point_estimate":-0.0010044480139206335,"standard_error":0.0028072594091074874}}