{"Mean":{"confidence_interval":{"confidence_level":0.95,"lower_bound":4703.142040157367,"upper_bound":4723.003633804383},"point_estimate":4712.577436641089,"standard_error":5.065773847899249},"Median":{"confidence_interval":{"confidence_level":0.95,"lower_bound":4699.903538045143,"upper_bound":4715.973702502317},"point_estimate":4706.139291000432,"standard_error":4.205062633948242},"MedianAbsDev":{"confidence_interval":{"confidence_level":0.95,"lower_bound":24.4920586696286,"upper_bound":46.53752755327658},"point_estimate":30.388893219018495,"standard_error":6.014206141957162},"Slope":{"confidence_interval":{"confidence_level":0.95,"lower_bound":4701.643674003281,"upper_bound":4730.756302426661},"point_estimate":4713.653158214071,"standard_error":7.583272432028026},"StdDev":{"confidence_interval":{"confidence_level":0.95,"lower_bound":35.67669685371286,"upper_bound":68.76014300818095},"point_estimate":50.93089313428437,"standard_error":9.125051526294552}}