{"Mean":{"confidence_interval":{"confidence_level":0.95,"lower_bound":28872.562792778666,"upper_bound":29005.362015192502},"point_estimate":28936.26526477827,"standard_error":33.9538867356525},"Median":{"confidence_interval":{"confidence_level":0.95,"lower_bound":28748.13569988479,"upper_bound":28847.94671232877},"point_estimate":28794.78243506493,"standard_error":25.86019624599483},"MedianAbsDev":{"confidence_interval":{"confidence_level":0.95,"lower_bound":109.12970673200493,"upper_bound":250.72588670190143},"point_estimate":175.2197507009102,"standard_error":37.559949607133305},"Slope":{"confidence_interval":{"confidence_level":0.95,"lower_bound":28869.32226953998,"upper_bound":29014.91608323061},"point_estimate":28938.24871092909,"standard_error":37.359274979598425},"StdDev":{"confidence_interval":{"confidence_level":0.95,"lower_bound":265.12071042537855,"upper_bound":406.353154565504},"point_estimate":339.09978767606367,"standard_error":36.22074730365395}}