{"Mean":{"confidence_interval":{"confidence_level":0.95,"lower_bound":28876.309585420247,"upper_bound":29019.601825794234},"point_estimate":28945.613921218755,"standard_error":36.532294340789726},"Median":{"confidence_interval":{"confidence_level":0.95,"lower_bound":28781.62850140056,"upper_bound":28923.670044757033},"point_estimate":28859.704065812002,"standard_error":45.22795116617305},"MedianAbsDev":{"confidence_interval":{"confidence_level":0.95,"lower_bound":201.62261835614743,"upper_bound":388.1592722732641},"point_estimate":293.76465637724925,"standard_error":47.70346348994156},"Slope":{"confidence_interval":{"confidence_level":0.95,"lower_bound":28745.296975317957,"upper_bound":28893.17398664638},"point_estimate":28812.453722389797,"standard_error":37.647211522974004},"StdDev":{"confidence_interval":{"confidence_level":0.95,"lower_bound":287.9493648503549,"upper_bound":447.12196369615543},"point_estimate":368.92886297258724,"standard_error":40.849822066441185}}