{"Mean":{"confidence_interval":{"confidence_level":0.95,"lower_bound":4268.607674159952,"upper_bound":4325.511314077141},"point_estimate":4291.250456057509,"standard_error":14.887657147089296},"Median":{"confidence_interval":{"confidence_level":0.95,"lower_bound":4252.036590734016,"upper_bound":4265.522509359876},"point_estimate":4259.629349325567,"standard_error":3.2448074589931815},"MedianAbsDev":{"confidence_interval":{"confidence_level":0.95,"lower_bound":20.896556372061646,"upper_bound":43.768678571369655},"point_estimate":30.52397005894928,"standard_error":6.055752176476564},"Slope":{"confidence_interval":{"confidence_level":0.95,"lower_bound":4291.461914153529,"upper_bound":4387.015011210564},"point_estimate":4329.70295855106,"standard_error":25.561088215434317},"StdDev":{"confidence_interval":{"confidence_level":0.95,"lower_bound":46.09072806784512,"upper_bound":243.0494630234933},"point_estimate":149.0021692777111,"standard_error":62.372806098609686}}