{"Mean":{"confidence_interval":{"confidence_level":0.95,"lower_bound":258.2345503198015,"upper_bound":261.33510483344656},"point_estimate":259.6032100380056,"standard_error":0.8001112332989383},"Median":{"confidence_interval":{"confidence_level":0.95,"lower_bound":256.8614649862814,"upper_bound":257.5939010495177},"point_estimate":257.0669945439805,"standard_error":0.17848188443355587},"MedianAbsDev":{"confidence_interval":{"confidence_level":0.95,"lower_bound":1.0104646913175959,"upper_bound":2.12805836817868},"point_estimate":1.381318714891201,"standard_error":0.2622585876814592},"Slope":{"confidence_interval":{"confidence_level":0.95,"lower_bound":259.0400381992682,"upper_bound":263.7151524354202},"point_estimate":261.0825269327416,"standard_error":1.203920912052052},"StdDev":{"confidence_interval":{"confidence_level":0.95,"lower_bound":2.967258980649759,"upper_bound":11.862453496415352},"point_estimate":8.057249812746207,"standard_error":2.2058731548949098}}