{"Mean":{"confidence_interval":{"confidence_level":0.95,"lower_bound":-0.0023279843290147225,"upper_bound":0.0059049442208195186},"point_estimate":0.0018908813420848158,"standard_error":0.0021026995463739677},"Median":{"confidence_interval":{"confidence_level":0.95,"lower_bound":-0.003509713419108107,"upper_bound":0.00930456662109469},"point_estimate":0.0029150015920309524,"standard_error":0.0031829849617646348}}