{"Mean":{"confidence_interval":{"confidence_level":0.95,"lower_bound":-0.15521485501769694,"upper_bound":-0.10960507193690189},"point_estimate":-0.13035689951999763,"standard_error":0.011736240555750935},"Median":{"confidence_interval":{"confidence_level":0.95,"lower_bound":-0.10873857473420045,"upper_bound":-0.0997846567810382},"point_estimate":-0.10148462557653604,"standard_error":0.002103277904314111}}