{"Mean":{"confidence_interval":{"confidence_level":0.95,"lower_bound":-0.030909317182741917,"upper_bound":-0.020034525255218663},"point_estimate":-0.024669362945590856,"standard_error":0.0028149987668649847},"Median":{"confidence_interval":{"confidence_level":0.95,"lower_bound":-0.021434014398925783,"upper_bound":-0.014580553620651446},"point_estimate":-0.018299264405862825,"standard_error":0.0017588065072976788}}