{"Mean":{"confidence_interval":{"confidence_level":0.95,"lower_bound":-0.001160321511805788,"upper_bound":0.0052491783686380725},"point_estimate":0.0021548762720857706,"standard_error":0.0016169723411316472},"Median":{"confidence_interval":{"confidence_level":0.95,"lower_bound":-0.0016438164256067078,"upper_bound":0.00595600868805235},"point_estimate":0.0025679938650517986,"standard_error":0.0019357096144764492}}