{"Mean":{"confidence_interval":{"confidence_level":0.95,"lower_bound":0.011407882376027495,"upper_bound":0.02129712445115858},"point_estimate":0.016224335251858513,"standard_error":0.002525807470338655},"Median":{"confidence_interval":{"confidence_level":0.95,"lower_bound":0.006585555122403371,"upper_bound":0.020300838283462852},"point_estimate":0.01464329529735342,"standard_error":0.003607294645147077}}