{"Mean":{"confidence_interval":{"confidence_level":0.95,"lower_bound":-0.030927960935499203,"upper_bound":-0.022798842372068494},"point_estimate":-0.026677558689741088,"standard_error":0.0020759242455851397},"Median":{"confidence_interval":{"confidence_level":0.95,"lower_bound":-0.027886837348806107,"upper_bound":-0.02116294886923009},"point_estimate":-0.023300693175485887,"standard_error":0.0017771372140500932}}