{"Mean":{"confidence_interval":{"confidence_level":0.95,"lower_bound":5563.648046115608,"upper_bound":5603.293347620015},"point_estimate":5581.962410474014,"standard_error":10.11709105868162},"Median":{"confidence_interval":{"confidence_level":0.95,"lower_bound":5561.183386837881,"upper_bound":5576.7908060000755},"point_estimate":5571.189295600996,"standard_error":3.88445560822868},"MedianAbsDev":{"confidence_interval":{"confidence_level":0.95,"lower_bound":24.53566334808774,"upper_bound":38.532959457235165},"point_estimate":31.515648722392918,"standard_error":3.622340074359344},"Slope":{"confidence_interval":{"confidence_level":0.95,"lower_bound":5543.201362617851,"upper_bound":5620.8871719700555},"point_estimate":5578.043263225534,"standard_error":19.858721543175733},"StdDev":{"confidence_interval":{"confidence_level":0.95,"lower_bound":53.206045353887525,"upper_bound":144.53245308050077},"point_estimate":101.89146969745346,"standard_error":23.57761282697898}}