{"Mean":{"confidence_interval":{"confidence_level":0.95,"lower_bound":-0.06764522188664428,"upper_bound":-0.06144454635434934},"point_estimate":-0.06421550335552872,"standard_error":0.0015842645059601878},"Median":{"confidence_interval":{"confidence_level":0.95,"lower_bound":-0.06497234160150278,"upper_bound":-0.060460634320324246},"point_estimate":-0.06320915335839439,"standard_error":0.0012862988741559251}}