{"Mean":{"confidence_interval":{"confidence_level":0.95,"lower_bound":-0.02959746328705992,"upper_bound":-0.022619355631844636},"point_estimate":-0.02605809095370537,"standard_error":0.0018017098507429699},"Median":{"confidence_interval":{"confidence_level":0.95,"lower_bound":-0.032388612124893745,"upper_bound":-0.02299894893527077},"point_estimate":-0.028319671743493147,"standard_error":0.002390274294829771}}